IP,PORT,匿名度,类型,位置,最后验证时间
113.121.37.103,9999,高匿名,HTTP,山东省烟台市  电信,2024-02-05 12:31:01
113.124.95.20,9999,高匿名,HTTP,山东省烟台市  电信,2024-02-05 11:31:01
114.232.109.3,8888,高匿名,HTTP,中国 江苏 南通 电信,2024-02-05 10:31:02
123.169.36.174,9999,高匿名,HTTP,山东省烟台市  电信,2024-02-05 09:31:01
183.236.232.160,8080,高匿名,HTTP,中国 广东 江门 移动,2024-02-05 08:31:01
123.169.37.217,9999,高匿名,HTTP,山东省烟台市  电信,2024-02-05 07:31:02
182.34.103.230,9999,高匿名,HTTP,中国 山东 烟台 电信,2024-02-05 06:31:01
182.140.244.163,8118,高匿名,HTTP,四川省成都市  电信,2024-02-05 05:31:01
36.134.91.82,8888,高匿名,HTTP,中国   ,2024-02-05 04:31:01
114.232.110.181,8888,高匿名,HTTP,中国 江苏 南通 电信,2024-02-05 03:31:01
113.124.92.232,9999,高匿名,HTTP,中国 山东 烟台 电信,2024-02-05 02:31:01
61.216.156.222,60808,高匿名,HTTP,中国 台湾 cht.com.tw ,2024-02-05 01:31:02
182.34.19.164,9999,高匿名,HTTP,中国 山东 烟台 电信,2024-02-05 00:31:01
27.192.201.14,9000,高匿名,HTTP,山东省潍坊市  联通,2024-02-04 23:31:01
218.75.102.198,8000,高匿名,HTTP,浙江省金华市  电信,2024-02-04 22:31:01
182.34.19.190,9999,高匿名,HTTP,中国 山东 烟台 电信,2024-02-04 21:31:01
113.124.95.186,9999,高匿名,HTTP,山东省烟台市  电信,2024-02-04 20:31:01
113.121.37.103,9999,高匿名,HTTP,山东省烟台市  电信,2024-02-04 19:31:01
60.170.204.30,8060,高匿名,HTTP,中国 安徽 蚌埠 电信,2024-02-04 18:31:02
123.169.36.210,9999,高匿名,HTTP,中国 山东 烟台 电信,2024-02-04 17:31:01
123.169.36.174,9999,高匿名,HTTP,山东省烟台市  电信,2024-02-04 16:31:01
60.205.132.71,80,高匿名,HTTP,北京市大兴区 阿里云计算有限公司 阿里云,2024-02-04 15:31:01
113.121.36.201,9999,高匿名,HTTP,山东省烟台市  电信,2024-02-04 14:31:01
113.121.38.119,9999,高匿名,HTTP,山东省烟台市  电信,2024-02-04 13:31:02
